Workbook

Sheet Sentences
A1: Sentence | B1: Text | C1: Correa +words | D1: Correa -words | E1: Correa P | F1: Correa N | G1: Hubert-Labondance +words | H1: Hubert-Labondance -words | I1: Hubert-Labondance P | J1: Hubert-Labondance N | K1: Loughran-McDonald +words | L1: Loughran-McDonald -words | M1: Loughran-McDonald P | N1: Loughran-McDonald N | O1: General Inquirer +words | P1: General Inquirer -words | Q1: General Inquirer P | R1: General Inquirer N | S1: Bennani-Neuenkirch +words | T1: Bennani-Neuenkirch -words | U1: Bennani-Neuenkirch P | V1: Bennani-Neuenkirch N | W1: Apel-Blix Grimaldi +words | X1: Apel-Blix Grimaldi -words | Y1: Apel-Blix Grimaldi P | Z1: Apel-Blix Grimaldi N | AA1: CentralBankRoBERTa p(positive=+1) | AB1: CentralBankRoBERTa p(negative=-1) | AC1: CentralBankRoBERTa class (p>=0.7) | AD1: CentralBankRoBERTa d | AE1: FinBERT p(positive=+1) | AF1: FinBERT p(neutral=0) | AG1: FinBERT p(negative=-1) | AH1: FinBERT class (p>=0.7) | AI1: FinBERT d | AJ1: FOMC-RoBERTa p(LABEL_0=-1) | AK1: FOMC-RoBERTa p(LABEL_1=+1) | AL1: FOMC-RoBERTa p(LABEL_2=0) | AM1: FOMC-RoBERTa class (p>=0.7) | AN1: FOMC-RoBERTa d
A2: 1 | B2: Federal Reserve issues FOMC statement For release at 10:00 a. m. EST Share The fundamentals of the U. S. economy remain strong. | E2: 0 | F2: 0 | G2: strong | I2: 1 | J2: 0 | K2: strong | M2: 1 | N2: 0 | Q2: 0 | R2: 0 | S2: strong | U2: 1 | V2: 0 | W2: strong | Y2: 1 | Z2: 0 | AA2: 0.7227 | AB2: 0.2773 | AC2: positive | AD2: 1 | AE2: 0.9262 | AF2: 0.0405 | AG2: 0.0334 | AH2: positive | AI2: 1 | AJ2: 0.0008 | AK2: 0.0676 | AL2: 0.9317 | AM2: LABEL_2 | AN2: 0
A3: 2 | B3: However, the coronavirus poses evolving risks to economic activity. | D3: poses | E3: 0 | F3: 1 | I3: 0 | J3: 0 | L3: poses | M3: 0 | N3: 1 | Q3: 0 | R3: 0 | U3: 0 | V3: 0 | Y3: 0 | Z3: 0 | AA3: 0.1411 | AB3: 0.8589 | AC3: negative | AD3: -1 | AE3: 0.0576 | AF3: 0.2267 | AG3: 0.7157 | AH3: negative | AI3: -1 | AJ3: 0.7593 | AK3: 0.0124 | AL3: 0.2283 | AM3: LABEL_0 | AN3: -1
A4: 3 | B4: In light of these risks and in support of achieving its maximum employment and price stability goals, the Federal Open Market Committee decided today to lower the target range for the federal funds rate by. | E4: 0 | F4: 0 | H4: lower | I4: 0 | J4: 1 | K4: achieving, stability | M4: 2 | N4: 0 | O4: stability | Q4: 1 | R4: 0 | U4: 0 | V4: 0 | Y4: 0 | Z4: 0 | AA4: 0.4689 | AB4: 0.5311 | AC4: none | AD4: 0 | AE4: 0.0606 | AF4: 0.5068 | AG4: 0.4326 | AH4: none | AI4: 0 | AJ4: 0.9957 | AK4: 0.0041 | AL4: 0.0003 | AM4: LABEL_0 | AN4: -1
A5: 4 | B5: 5% point, to 1 to 1a. | E5: 0 | F5: 0 | I5: 0 | J5: 0 | M5: 0 | N5: 0 | Q5: 0 | R5: 0 | U5: 0 | V5: 0 | Y5: 0 | Z5: 0 | AA5: 0.2935 | AB5: 0.7065 | AC5: negative | AD5: -1 | AE5: 0.8464 | AF5: 0.1085 | AG5: 0.0451 | AH5: positive | AI5: 1 | AJ5: 0.0242 | AK5: 0.0005 | AL5: 0.9754 | AM5: LABEL_2 | AN5: 0
A6: 5 | B6: The Committee is closely monitoring developments and their implications for the economic outlook and will use its tools and act as appropriate to support the economy. | E6: 0 | F6: 0 | I6: 0 | J6: 0 | M6: 0 | N6: 0 | Q6: 0 | R6: 0 | U6: 0 | V6: 0 | Y6: 0 | Z6: 0 | AA6: 0.763 | AB6: 0.237 | AC6: positive | AD6: 1 | AE6: 0.3051 | AF6: 0.6838 | AG6: 0.0111 | AH6: none | AI6: 0 | AJ6: 0.9984 | AK6: 0.0006 | AL6: 0.001 | AM6: LABEL_0 | AN6: -1
A7: 6 | B7: Voting for the monetary policy action were Jerome H. Powell, Chair; John C. Williams, Vice Chair; Michelle W. Bowman; Lael Brainard; Richard H. Clarida; Patrick Harker; Robert S. Kaplan; Neel Kashkari; Loretta J. Mester; and Randal K. Quarles. | E7: 0 | F7: 0 | I7: 0 | J7: 0 | M7: 0 | N7: 0 | Q7: 0 | R7: 0 | U7: 0 | V7: 0 | Y7: 0 | Z7: 0 | AA7: 0.3617 | AB7: 0.6383 | AC7: none | AD7: 0 | AE7: 0.0314 | AF7: 0.8962 | AG7: 0.0724 | AH7: neutral | AI7: 0 | AJ7: 0.0003 | AK7: 0.0003 | AL7: 0.9994 | AM7: LABEL_2 | AN7: 0
A8: 7 | B8: For media inquiries, call 202-452-2955. | E8: 0 | F8: 0 | I8: 0 | J8: 0 | M8: 0 | N8: 0 | Q8: 0 | R8: 0 | U8: 0 | V8: 0 | Y8: 0 | Z8: 0 | AA8: 0.6865 | AB8: 0.3135 | AC8: none | AD8: 0 | AE8: 0.0252 | AF8: 0.9496 | AG8: 0.0252 | AH8: neutral | AI8: 0 | AJ8: 0.0002 | AK8: 0.0001 | AL8: 0.9997 | AM8: LABEL_2 | AN8: 0
A9: 8 | B9: Implementation Note issued March 3, 2020 | E9: 0 | F9: 0 | I9: 0 | J9: 0 | M9: 0 | N9: 0 | Q9: 0 | R9: 0 | U9: 0 | V9: 0 | Y9: 0 | Z9: 0 | AA9: 0.3839 | AB9: 0.6161 | AC9: none | AD9: 0 | AE9: 0.0353 | AF9: 0.9326 | AG9: 0.0322 | AH9: neutral | AI9: 0 | AJ9: 0.0003 | AK9: 0.0002 | AL9: 0.9995 | AM9: LABEL_2 | AN9: 0
A11: Sum over sentences | E11: =SUM(E2:E9) | F11: =SUM(F2:F9) | I11: =SUM(I2:I9) | J11: =SUM(J2:J9) | M11: =SUM(M2:M9) | N11: =SUM(N2:N9) | Q11: =SUM(Q2:Q9) | R11: =SUM(R2:R9) | U11: =SUM(U2:U9) | V11: =SUM(V2:V9) | Y11: =SUM(Y2:Y9) | Z11: =SUM(Z2:Z9)

Sheet Document scores
A1: Lexical (whole document, as the package scores it)
A2: Dictionary | B2: P (doc) | C2: N (doc) | D2: T (tokens) | E2: PosNeg = (P-N)/(P+N) | F2: Package PosNeg (stored, 1+...) | G2: Stored minus 1 | H2: Check | I2: All-Words = (P-N)/T | J2: Package All-Words minus 1 | K2: Positive words | L2: Negative words
A3: Correa | B3: 0 | C3: 1 | D3: 86 | E3: =IF(B3+C3=0,0,(B3-C3)/(B3+C3)) | F3: 0 | G3: =F3-1 | H3: =ROUND(E3-G3,9)=0 | I3: =(B3-C3)/D3 | J3: -0.011627907 | L3: poses
A4: Hubert-Labondance | B4: 1 | C4: 1 | D4: 86 | E4: =IF(B4+C4=0,0,(B4-C4)/(B4+C4)) | F4: 1 | G4: =F4-1 | H4: =ROUND(E4-G4,9)=0 | I4: =(B4-C4)/D4 | J4: 0 | K4: strong | L4: lower
A5: Loughran-McDonald | B5: 3 | C5: 1 | D5: 86 | E5: =IF(B5+C5=0,0,(B5-C5)/(B5+C5)) | F5: 1.5 | G5: =F5-1 | H5: =ROUND(E5-G5,9)=0 | I5: =(B5-C5)/D5 | J5: 0.023255814 | K5: strong, achieving, stability | L5: poses
A6: General Inquirer | B6: 1 | C6: 0 | D6: 86 | E6: =IF(B6+C6=0,0,(B6-C6)/(B6+C6)) | F6: 2 | G6: =F6-1 | H6: =ROUND(E6-G6,9)=0 | I6: =(B6-C6)/D6 | J6: 0.011627907 | K6: stability
A7: Bennani-Neuenkirch | B7: 1 | C7: 0 | D7: 87 | E7: =IF(B7+C7=0,0,(B7-C7)/(B7+C7)) | F7: 2 | G7: =F7-1 | H7: =ROUND(E7-G7,9)=0 | I7: =(B7-C7)/D7 | J7: 0.011494253 | K7: strong
A8: Apel-Blix Grimaldi | B8: 1 | C8: 0 | D8: 87 | E8: =IF(B8+C8=0,0,(B8-C8)/(B8+C8)) | F8: 2 | G8: =F8-1 | H8: =ROUND(E8-G8,9)=0 | I8: =(B8-C8)/D8 | J8: 0.011494253 | K8: strong
A10: Transformers (sentences, tau = 0.7)
A11: Model | B11: N+ | C11: N- | D11: N0 | E11: S (sentences) | F11: PosNeg = (N+-N-)/(N++N-) | G11: All-Sentences = (N+-N-)/S | H11: Stored PosNeg | I11: Stored All-Sentences | J11: Check
A12: CentralBankRoBERTa | B12: =COUNTIF(Sentences!AD2:AD9,1) | C12: =COUNTIF(Sentences!AD2:AD9,-1) | D12: =COUNTIFS(Sentences!AD2:AD9,0,Sentences!AC2:AC9,"<>none") | E12: 8 | F12: =IF(B12+C12=0,"undefined",(B12-C12)/(B12+C12)) | G12: =(B12-C12)/E12 | H12: 0 | I12: 0 | J12: =ROUND(G12-I12,9)=0
A13: FinBERT | B13: =COUNTIF(Sentences!AI2:AI9,1) | C13: =COUNTIF(Sentences!AI2:AI9,-1) | D13: =COUNTIFS(Sentences!AI2:AI9,0,Sentences!AH2:AH9,"<>none") | E13: 8 | F13: =IF(B13+C13=0,"undefined",(B13-C13)/(B13+C13)) | G13: =(B13-C13)/E13 | H13: 0.33333333 | I13: 0.125 | J13: =ROUND(G13-I13,9)=0
A14: FOMC-RoBERTa | B14: =COUNTIF(Sentences!AN2:AN9,1) | C14: =COUNTIF(Sentences!AN2:AN9,-1) | D14: =COUNTIFS(Sentences!AN2:AN9,0,Sentences!AM2:AM9,"<>none") | E14: 8 | F14: =IF(B14+C14=0,"undefined",(B14-C14)/(B14+C14)) | G14: =(B14-C14)/E14 | H14: -1 | I14: -0.375 | J14: =ROUND(G14-I14,9)=0

Sheet Notes
A1: Statement: FOMC, 2020-03-03 (id_text 190), 8 sentences of at least 20 characters.
A2: Sentences come from re-segmenting 2_clean text; transformer probabilities are the cached 51-bank run, aligned row for row.
A3: Dictionary matches use the package tokenizer (lower-case, alphabetic tokens); Bennani-Neuenkirch and Apel-Blix Grimaldi match Porter stems.
A4: The document score counts matches on the whole text; the sentence sums can differ slightly because sentences under the length floor are dropped.
A5: A sentence counts toward a class only if that class probability >= tau; column 'd' is the class direction (+1, 0, -1), 0 when nothing clears tau.
A6: FOMC-RoBERTa: LABEL_0 dovish (-1), LABEL_1 hawkish (+1), LABEL_2 neutral (0).
A7: The 'Check' columns compare the Excel formula with the value stored in panel_sentiment_all.parquet.gzip.
